elapsed_ms,C_raw_pF
2089918,70.36
2091969,70.07
2094020,70.08
2096071,70.13
2098122,70.16
2100173,70.17
2102224,70.18
2104275,70.2
2106326,70.21
2108377,70.24
2110428,70.21
2112479,70.23
2114530,70.25
2116581,70.3
