elapsed_ms,C_cal_pF
2089918,54.9
2091969,54.6
2094020,54.61
2096071,54.66
2098122,54.69
2100173,54.7
2102224,54.71
2104275,54.74
2106326,54.75
2108377,54.77
2110428,54.75
2112479,54.76
2114530,54.79
2116581,54.84
